_id,title,link
5f3c781cebcebb89ab715123,"
FutbolRed
",blogs.futbolred.com//www.futbolred.com
5f3c781cebcebb89ab715124,"
Liga Águila
",blogs.futbolred.com//www.futbolred.com/liga-aguila
5f3c781cebcebb89ab715125,"
Copa Águila
",blogs.futbolred.com//www.futbolred.com/copa-aguila
5f3c781cebcebb89ab715126,"
Torneo Águila
",blogs.futbolred.com//www.futbolred.com/torneo-aguila
5f3c781cebcebb89ab715127,"
Liga BBVA
",blogs.futbolred.com//www.futbolred.com/liga-bbva
5f3c781cebcebb89ab715128,"
Premier League
",blogs.futbolred.com//www.futbolred.com/premier-league
5f3c781cebcebb89ab715129,"
Otras ligas
",blogs.futbolred.com//www.futbolred.com/otras-ligas-de-futbol
5f3c781cebcebb89ab71512a,"
Champions League
",blogs.futbolred.com//www.futbolred.com/champions-league
5f3c781cebcebb89ab71512b,"
Copa Libertadores
",blogs.futbolred.com//www.futbolred.com/copa-libertadores
5f3c781cebcebb89ab71512c,"
Copa Sudamericana
",blogs.futbolred.com//www.futbolred.com/copa-sudamericana
5f3c781cebcebb89ab71512d,"
UEFA Europa League
",blogs.futbolred.com//www.futbolred.com/uefa-europa-league
5f3c781cebcebb89ab71512e,"
Curiosidades
",blogs.futbolred.com//blogs.futbolred.com/blog/category/curiosidades-del-futbol
5f3c781cebcebb89ab71512f,"
Colombianos en el exterior
",blogs.futbolred.com//blogs.futbolred.com/blog/category/colombianos-en-el-exterior
5f3c781cebcebb89ab715130,"
Selección Colombia
",blogs.futbolred.com//blogs.futbolred.com/blog/category/seleccion-colombia
1295886760648609793,,
1295886761722355713,,
1295886761617428490,,
1295886761160331269,,
1295886761919471616,,
1295886762288406528,,
1295886762405965824,,
1295886762263212033,,
1295886762468954113,,
1295886762707808256,,
1295886762850623493,,
1295886763119050752,,
1295886763093827584,,
1295886763207069697,,
1295886763555160064,,
1295886763882418178,,
1295886764394061824,,
1295886764595322880,,
1295886764733800449,,
1295886765161676800,,
1295886765207818240,,
1295886765685972992,,
1295886765870452737,,
1295886766432497665,,
1295886766336090112,,
1295886766424170496,,
1295886766696615936,,
1295886766822453248,,
1295886767502041088,,
1295886767627919361,,
1295886767967461376,,
1295886768114266112,,
1295886768282075136,,
1295886768726671361,,
1295886768823312385,,
1295886768953319424,,
1295886769074966528,,
1295886769045606401,,
1295886769137819654,,
1295886769372770304,,
1295886769666367489,,
1295886770891096065,,
1295886771037671425,,
1295886771557994497,,
1295886771616657408,,
1295886772010967046,,
1295886771922837506,,
1295886772333940737,,
1295886772702978048,,
1295886772786864129,,
1295886773034323969,,
1295886773852213253,,
1295886773873078275,,
1295886774657589248,,
1295886774661779456,,
1295886774984749062,,
1295886775408144384,,
1295886775454330881,,
1295886775680933895,,
1295886776037519360,,
1295886776272220160,,
1295886776448552960,,
1295886776406609921,,
1295886776712732677,,
1295886776779845632,,
1295886776880336897,,
1295886777748602880,,
1295886778273075203,,
1295886778432401415,,
1295886778663043077,,
1295886779283693569,,
1295886779741089794,,
1295886779455873025,,
1295886779279704064,,
1295886780130947072,,
1295886780722491392,,
1295886781150363648,,
1295886781275992064,,
1295886781603348481,,
1295886782261792769,,
1295886782907789313,,
1295886783255805954,,
1295886783708901377,,
1295886783591387136,,
1295886784052621313,,
1295886784170262529,,
1295886784191029248,,
1295886784556040193,,
1295886785130582016,,
1295886785189416963,,
1295886785457917952,,
1295886785449533447,,
1295886785663373312,,
1295886786057711618,,
1295886786128904192,,
1295886786372263937,,
1295886786510696448,,
1295886786527453184,,
1295886786414010369,,
1295886787039174656,,
1295886787404070912,,
1295886788171567104,,
1295886788343394304,,
1295886788486139909,,
1295886788586876936,,
1295886789366951939,,
1295886789497049089,,
1295886790637871110,,
1295886790864318464,,
1295886791669624834,,
1295886791874994177,,
1295886792596561920,,
1295886793057894400,,
1295886793330630656,,
1295886793376698370,,
1295886793527701504,,
1295886794035142658,,
1295886793934401536,,
1295886794232397826,,
1295886794530070528,,
1295886794827997184,,
1295886794815406082,,
1295886794970615808,,
1295886795020828674,,
1295886795201302528,,
1295886795402547200,,
1295886795398238208,,
1295886796535083009,,
1295886797201764352,,
1295886797583638528,,
1295886798036635649,,
1295886798388961282,,
1295886798770638849,,
1295886799743717377,,
1295886800385433600,,
1295886801631141888,,
1295886801840869377,,
1295886802323214342,,
1295886802558033920,,
1295886802918576129,,
1295886802948153351,,
1295886803077967872,,
1295886803099164672,,
1295886803656822784,,
1295886803984097287,,
1295886804143321090,,
1295886804013527040,,
1295886804286136321,,
1295886804613312513,,
1295886804097302535,,
1295886804827156481,,
1295886805095440385,,
1295886805582008320,,
1295886805619941378,,
1295886805657481217,,
1295886805640732672,,
1295886805997195265,,
1295886806206930944,,
1295886807255732224,,
1295886807872274435,,
1295886807910031360,,
1295886808249704448,,
1295886808866328582,,
1295886809378050054,,
1295886809373736962,,
1295886809608720384,,
1295886809663016960,,
1295886809726164992,,
1295886809839341570,,
1295886809935884289,,
1295886809956847616,,
1295886809956790274,,
1295886809860276224,,
1295886810665689091,,
1295886811177385984,,
1295886811739435009,,
1295886812062203904,,
1295886812095942656,,
1295886812011999232,,
1295886812725030915,,
1295886812896952320,,
1295886812918022144,,
1295886813073203200,,
1295886813404565504,,
1295886813366816768,,
1295886814088237057,,
1295886814239047685,,
1295886814306156549,,
1295886814364958720,,
1295886814587375621,,
1295886814910337024,,
1295886815459708928,,
1295886815715418112,,
1295886815958839296,,
1295886815979806721,,
1295886816147578881,,
1295886817275686912,,
1295886817942802432,,
1295886817804210176,,
1295886818357981188,,
1295886818357817345,,
1295886819247230979,,
1295886819498893314,,
1295886820475977728,,
1295886820841000962,,
1295886820962598913,,
1295886821377708034,,
1295886822493618176,,
1295886823001137152,,
1295886824846454784,,
1295886825009999873,,
1295886825488293889,,
1295886825962307584,,
1295886825966510082,,
1295886827002314752,,
1295886826918436864,,
1295886828080369671,,
1295886828138926081,,
1295886828281659393,,
1295886828839604224,,
1295886828986224641,,
1295886829187727360,,
1295886829305171979,,
1295886829380448256,,
1295886829435138048,,
1295886830420852740,,
1295886831490220033,,
1295886832496975874,,
1295886833289748480,,
1295886833168130049,,
1295886833415487492,,
1295886833755328514,,
1295886833612656640,,
1295886834728235008,,
1295886835189796864,,
1295886835630198788,,
1295886835692969985,,
1295886836141891584,,
1295886836330618883,,
1295886836812992513,,
1295886836938702848,,
1295886836833882112,,
1295886837152714752,,
1295886837647659009,,
1295886837987315717,,
1295886838113214465,,
1295886838838812677,,
1295886839199531008,,
1295886839178506246,,
1295886839522394113,,
1295886839421829121,,
1295886839593594880,,
1295886839723761665,,
1295886840055177222,,
1295886840692711424,,
1295886840831053825,,
1295886841401479172,,
1295886841414000640,,
1295886841548341248,,
1295886841690886146,,
1295886841921581056,,
1295886842802266112,,
1295886843465146369,,
1295886844106768387,,
1295886844064698368,,
1295886844249473029,,
1295886844496773120,,
1295886845264289793,,
1295886845918810112,,
1295886847005138944,,
1295886846967209985,,
1295886847499841537,,
1295886848263254016,,
1295886848254935041,,
1295886848745705472,,
1295886849177780226,,
1295886849425145858,,
1295886849664155648,,
1295886850117304320,,
1295886850456989697,,
1295886850511511552,,
1295886850935205893,,
1295886851937579009,,
1295886852096954368,,
1295886852923240448,,
1295886853187481600,,
1295886853418225664,,
1295886854475194368,,
1295886856408596480,,
1295886857629130752,,
1295886857352380416,,
1295886857876561920,,
1295886858522464257,,
1295886858669428737,,
1295886858698645504,,
1295886859785195522,,
1295886859969736704,,
1295886860150071296,,
1295886860305207298,,
1295886860414320640,,
1295886860514988032,,
1295886860737294336,,
1295886861269970951,,
1295886861248925696,,
1295886862092054533,,
1295886862637244416,,
1295886862809272321,,
1295886863803322368,,
1295886863916388355,,
1295886864218501120,,
1295886864273084416,,
1295886864105107456,,
1295886864780537859,,
1295886865044664320,,
1295886865258643458,,
1295886865883525120,,
1295886865887899648,,
1295886865963159553,,
1295886866139492352,,
1295886866156269572,,
1295886866240155648,,
1295886867041312769,,
1295886867255132165,,
1295886867204898817,,
1295886867204841472,,
1295886867452309504,,
1295886868039577606,,
1295886868874133511,,
1295886869109112833,,
1295886869117501440,,
1295886869725511680,,
1295886869906042882,,
1295886869759172608,,
1295886869964652545,,
1295886870568529920,,
1295886870946226181,,
1295886871730348034,,
1295886871755730947,,
1295886872103682049,,
1295886872451977218,,
1295886872657498118,,
1295886873034989568,,
1295886873458618368,,
1295886873949159425,,
1295886874070921217,,
1295886874356088834,,
1295886874440015873,,
1295886875618574336,,
1295886875757076480,,
1295886875970826241,,
1295886876080054272,,
1295886876776304642,,
1295886876797071360,,
1295886876977647616,,
1295886877547876352,,
1295886877615104002,,
1295886877770354690,,
1295886877820702724,,
1295886878483390464,,
1295886878709776384,,
1295886878688894979,,
1295886879330639874,,
1295886879380738048,,
1295886879376670721,,
1295886880525807616,,
1295886881029152768,,
1295886880970547202,,
1295886881318735872,,
1295886881553551360,,
1295886881855549440,,
1295886883160023041,,
1295886883109638146,,
1295886883826827265,,
1295886884510371845,,
1295886885089312773,,
1295886885236158468,,
1295886885953220608,,
1295886886427406336,,
1295886886452559872,,
1295886886439772160,,
1295886886549041152,,
1295886886880325632,,
1295886887933157376,,
1295886888931225600,,
1295886889002471424,,
1295886889111695363,,
1295886889891897344,,
1295886890319716352,,
1295886890407796742,,
1295886890491674624,,
1295886890768445440,,
1295886890827120641,,
1295886891229646848,,
1295886891967905792,,
1295886892030992384,,
1295886892475518984,,
1295886892613992449,,
1295886892702076929,,
1295886893121449986,,
1295886894623084545,,
1295886895197622282,,